Item Name,Description
Cascais Bonsai Planter,"A modern minimalist bonsai planter that pairs an outer shell with a separate insert — practical to use, clean to look at. 3D printed to order in your choice of colour. Designed by h3li0."
Sagres Bonsai Planter,"A modern minimalist bonsai planter built from an outer shell and a separate insert, balancing everyday practicality with a clean profile. 3D printed to order in your choice of colour. Designed by h3li0."
Zephyr Planter,"A modern minimalist bonsai planter with a clean, understated profile. 3D printed to order in your choice of colour. Designed by h3li0."
Seia Planter,"A lattice outer shell pairs with an inner insert for a two-tone look and easier handling. 3D printed to order in your choice of colour. Designed by h3li0."
Maia Planter,"An inner insert sits within a lattice outer shell, giving a two-tone finish and making the planter easier to handle. 3D printed to order in your choice of colour. Designed by h3li0."
Beja Planters,"Geometric lattice outer shells paired with a classic planter insert — practical to handle, and better looking for it. Available in two versions. 3D printed to order in your choice of colour. Designed by h3li0."
Taveiro Planter,"A low-profile modern minimalist planter, finished with a screw-in drip plate. 3D printed to order in your choice of colour. Designed by h3li0."
Alvao Planter,"A modern minimalist planter with a screw-in petal-shaped drip plate. 3D printed to order in your choice of colour. Designed by h3li0."
Alvao Orchid Planter,"An orchid version of the Alvao Planter, with a screw-in petal-shaped drip plate that lets air reach the roots. 3D printed to order in your choice of colour. Designed by h3li0."
Viseu Planter,"A modern minimalist planter in a clean patterned finish, with a screw-in classical-shaped drip plate. 3D printed to order in your choice of colour. Designed by h3li0."
Odemira Planter,"A minimalist planter with a modern profile and a screw-in slotted drip plate. A natural companion to the Odemira Vase. 3D printed to order in your choice of colour. Designed by h3li0."
Braga Planter,"A modern minimalist planter with intricate surface patterning and a screw-in drip plate. 3D printed to order in your choice of colour. Designed by h3li0."
Salir Planter,"A modern minimalist planter with clean, understated lines. 3D printed to order in your choice of colour. Designed by h3li0."
Troia Planter,"A modern minimalist planter whose surface patterning gives it an earthy, tactile character. 3D printed to order in your choice of colour. Designed by h3li0."
Leiria Planter,"A modern minimalist planter with clean, simple lines. 3D printed to order in your choice of colour. Designed by h3li0."
Nisa Planter,"A modern minimalist planter where clean lines meet texture. Available in two versions. 3D printed to order in your choice of colour. Designed by h3li0."
Vector Planter,"A modern minimalist planter with geometric pattern accents, designed for contemporary spaces. 3D printed to order in your choice of colour. Designed by h3li0."
Zenith Planter,"An elegant modern minimalist planter with a wrap-around plate, designed for contemporary spaces. 3D printed to order in your choice of colour. Designed by h3li0."
Adrift Planter,"A new take on the signature drift pattern, reimagined in a more classic planter form — fluid and organic in character. 3D printed to order in your choice of colour. Designed by h3li0."
Blaze Planter,"An elegant modern planter with a clean geometric silhouette and a wrap-around plate, made for contemporary spaces. 3D printed to order in your choice of colour. Designed by h3li0."
Dusk Planter,"An elegant modern minimalist planter that sits elevated on its drip plate. 3D printed to order in your choice of colour. Designed by h3li0."
Inova Planter,"A modern minimalist planter with patterned detailing, raised on a wrap-around drip plate. 3D printed to order in your choice of colour. Designed by h3li0."
Spectrum Planter,"A patterned modern planter finished with a screw-in plate for drainage. 3D printed to order in your choice of colour. Designed by h3li0."
Shift Planter,"A sleek modern planter that sits on its drip plate — clean lines and a minimalist profile, with drainage built in. 3D printed to order in your choice of colour. Designed by h3li0."
Velar Planter,"A modern minimalist planter raised on a drip plate, keeping the surface beneath it clean. 3D printed to order in your choice of colour. Designed by h3li0."
Echo Orchid Planter,"A modern minimalist orchid planter designed for airflow, sitting elevated on a wrap-around plate. 3D printed to order in your choice of colour. Designed by h3li0."
Quasar Orchid Planter,"An orchid planter built for airflow to the roots, raised on a wrap-around plate. 3D printed to order in your choice of colour. Designed by h3li0."
Polygon Orchid Planter,"An orchid planter with an open form that keeps air moving around the roots, raised on a wrap-around plate. 3D printed to order in your choice of colour. Designed by h3li0."
Mirage Orchid Planter,"An orchid planter designed for airflow, sitting elevated on a wrap-around plate. 3D printed to order in your choice of colour. Designed by h3li0."
Glowtide,"A modern minimalist planter elevated on a drip tray. 3D printed to order in your choice of colour. Designed by h3li0."
Havenis Planter,"A sleek modern planter that sits on its drip plate for easy maintenance, with clean lines that suit most rooms. 3D printed to order in your choice of colour. Designed by h3li0."
Zyra Planter,"Patterned modern minimalist design, elevated on a matching patterned plate. 3D printed to order in your choice of colour. Designed by h3li0."
Oblique Planter,"A modern minimalist planter that stands elevated on a matching drip plate. 3D printed to order in your choice of colour. Designed by h3li0."
Echoic Planter,"Patterned modern minimalist design on a matching patterned plate. Available in dual-colour or single-colour. 3D printed to order in your choice of colour. Designed by h3li0."
Qube Planter,"A clean-lined modern planter elevated on its own drip plate. 3D printed to order in your choice of colour. Designed by h3li0."
Stratum Planter,"A patterned modern minimalist planter, elevated on a drip plate. 3D printed to order in your choice of colour. Designed by h3li0."
Fusion Planter,"A modern minimalist planter that sits raised on a drip plate. 3D printed to order in your choice of colour. Designed by h3li0."
Arcane Planter,"A patterned modern minimalist planter raised on a wrap-around drip plate. 3D printed to order in your choice of colour. Designed by h3li0."
Axon Planter,"A modern minimalist planter raised on a drip tray. Available in dual-colour or single-colour. 3D printed to order in your choice of colour. Designed by h3li0."
Stryde Planter,"Patterned modern design, elevated on a wrap-around drip plate. 3D printed to order in your choice of colour. Designed by h3li0."
Echelon Planter,"A clean modern planter that sits on a drip tray. Available in dual-colour or single-colour. 3D printed to order in your choice of colour. Designed by h3li0."
Delta Planter,"A patterned modern planter that sits elevated on its drip plate. 3D printed to order in your choice of colour. Designed by h3li0."
Kairo Planter,"Modern minimalist form with patterned detailing, raised on a drip plate. 3D printed to order in your choice of colour. Designed by h3li0."
Sonar Planter,"A modern minimalist planter elevated on a matching drip plate. 3D printed to order in your choice of colour. Designed by h3li0."
Quartz Planter,"A clean modern planter raised on a drip plate. 3D printed to order in your choice of colour. Designed by h3li0."
Halo Planter,"A modern minimalist planter with a ribbed surface, elevated on a drip plate. 3D printed to order in your choice of colour. Designed by h3li0."
Vortex Planter,"Patterned modern minimalist design, raised on a drip plate. 3D printed to order in your choice of colour. Designed by h3li0."
Kinetic Planter,"A patterned modern planter elevated on a drip plate, with two plate styles to choose from. 3D printed to order in your choice of colour. Designed by h3li0."
Cuore Planter,"A Valentine's-themed planter with a modern minimalist form. 3D printed to order in your choice of colour. Designed by h3li0."
Loft Planter,"A modern minimalist planter with a twist-lock fitting — hang it on the wall, or stand it on the table drip plate. 3D printed to order in your choice of colour. Designed by h3li0."
Terra Planter,"A slot-shaped modern planter with patterned detailing, elevated on its plate. 3D printed to order in your choice of colour. Designed by h3li0."
Polygon Planter,"A faceted modern planter, redesigned to sit raised above its plate for easier placing. 3D printed to order in your choice of colour. Designed by h3li0."
Sliced Planter,"A modern minimalist planter paired with a wrap-around plate. 3D printed to order in your choice of colour. Designed by h3li0."
Ribbed Planter Large,"A modern minimalist planter with a ribbed pattern, supplied with its plate. 3D printed to order in your choice of colour. Designed by h3li0."
Lagos Vase,"A sculptural, flowing vase — equally at home standing alone in a contemporary space or holding dry flowers. 3D printed to order in your choice of colour. Designed by h3li0."
Guarda Vase,"Minimalist form with dramatic sweeping patterns. A standalone piece, or a home for dry flowers. 3D printed to order in your choice of colour. Designed by h3li0."
Porto Vase,"Clean lines complemented by surface patterning — an interplay of form and texture with a modern elegance. 3D printed to order in your choice of colour. Designed by h3li0."
Mafra Vase,"A timeless silhouette with an intricate hollow lattice. Elegant from across the room, detailed up close — for display or dry flowers. 3D printed to order in your choice of colour. Designed by h3li0."
Pinn Vase,"Modern minimalist design combining flow and texture, an elegant piece for a living space. 3D printed to order in your choice of colour. Designed by h3li0."
Hearts Vase,"A Valentine's vase built from three intertwined hearts spiralling into a single form, with two insert options. 3D printed to order in your choice of colour. Designed by h3li0."
Faro Vase,"Built around surface exploration — wave-like textures and a fuzzy skin give it a bold, tactile presence. 3D printed to order in your choice of colour. Designed by h3li0."
Perpetuo Vase,"A compact 120mm vase with delicate geometric patterning, designed for elegant presentation. 3D printed to order in your choice of colour. Designed by h3li0."
Solara Vase,"A sleek, modern minimalist vase for the home. 3D printed to order in your choice of colour. Designed by h3li0."
Hive Vase,"A modern minimalist vase with a clean, contemporary profile. 3D printed to order in your choice of colour. Designed by h3li0."
Inflect Vase,"Modern minimalist design with an understated, contemporary shape. 3D printed to order in your choice of colour. Designed by h3li0."
Apexis Vase,"A modern minimalist vase with a clean silhouette. 3D printed to order in your choice of colour. Designed by h3li0."
Vanta Vase,"A modern minimalist vase with a clean, understated profile. 3D printed to order in your choice of colour. Designed by h3li0."
Obscura Vase,"A modern minimalist vase, available in two sizes. 3D printed to order in your choice of colour. Designed by h3li0."
Quell Vase,"Modern minimalist design, available in two sizes. 3D printed to order in your choice of colour. Designed by h3li0."
Vellis Vase,"A modern minimalist vase available in two heights — 200mm and 300mm. 3D printed to order in your choice of colour. Designed by h3li0."
Lucid Vase,"A modern minimalist vase, offered in two sizes. 3D printed to order in your choice of colour. Designed by h3li0."
Fractal Vase,"Modern minimalist form, available in two sizes. 3D printed to order in your choice of colour. Designed by h3li0."
Influx Vase,"A modern minimalist vase in two sizes. 3D printed to order in your choice of colour. Designed by h3li0."
Solstice Vase,"A modern minimalist vase with a clean contemporary shape. 3D printed to order in your choice of colour. Designed by h3li0."
Nimbus Vase,"The first piece in the Nimbus series — a vase, box and planter sharing the same design language. 3D printed to order in your choice of colour. Designed by h3li0."
Facet Vase,"A distinctive double-gourd silhouette wrapped in a fine diamond lattice — sculptural enough to stand alone, and just as good holding dry flowers. 3D printed to order in your choice of colour. Designed by h3li0."
Strata Vase,"Crisp vertical fluting wrapped around a soft bottle silhouette. Choose from three heights — 160mm, 180mm or 200mm — designed to group together. 3D printed to order in your choice of colour. Designed by h3li0."
Polygon Vase,"The companion vase to the Polygon Planter, paired with a wrap-around plate. 3D printed to order in your choice of colour. Designed by h3li0."
Gradiz Lamp,"A modern minimalist table lamp that builds up from modular printed parts — clean lines, and easy to live with. Supplied as printed parts only: no electrical components included. Requires a standard E26 lamp kit with plug and switch, sold separately. 3D printed to order in your choice of colour. Designed by h3li0."
Clarit Lamp,"A compact desk lamp with a softly tapered square shade over a ribbed cube base — finely lined surfaces that catch the light when lit. Sized for a standard LED lamp kit. Supplied as printed parts only: no electrical components included. 3D printed to order in your choice of colour. Designed by h3li0."
Lucent Lamp,"A sleek modern table lamp — a finely pleated conical shade above a rounded base wrapped in a swirling twisted lattice. Assembles from modular printed parts. Supplied as printed parts only: no electrical components included. Requires a standard E26 lamp kit with plug and switch, sold separately. 3D printed to order in your choice of colour. Designed by h3li0."
Prismal Desk E14,"A sleek modular desk lamp for mood lighting at a workspace — a broad ribbed cylinder shade on a low block base, glowing softly from within. Use low-heat LED bulbs only, 25W maximum. Supplied as printed parts only: no electrical components included. Requires an E14 lamp kit with plug and switch, sold separately. 3D printed to order in your choice of colour. Designed by h3li0."
Tejo Pendant Lamp,"A modern minimalist pendant lamp — a finely ribbed outer shade over an inner diffuser shade, throwing soft mood light. Choose from three sizes: small, mid or large. Use low-heat LED bulbs only, 25W maximum. Supplied as printed parts only: no electrical components included. Requires an E26 pendant light fixture kit, sold separately. 3D printed to order in your choice of colour. Designed by h3li0."
Sines Lamp,"A minimalist desk lamp for soft ambient light — the shade screws into the base, and an optional top diffuser softens it further. Quietly sophisticated on a desk. Use low-heat LED bulbs only, 25W maximum. Supplied as printed parts only: no electrical components included. Requires an E14 lamp kit with plug and switch, sold separately. 3D printed to order in your choice of colour. Designed by h3li0."
Prismal Living Room E27,"A sleek modular lamp for ambient lighting — a minimalist base beneath a softly rounded outer shade that mirrors the base colour in elegant vertical ribbing, with an inner white shade diffusing the light. At home in a living room, a reading nook, or as a statement piece. Use low-heat LED bulbs only, 25W maximum. Supplied as printed parts only: no electrical components included. Requires a standard E26 lamp kit with plug and switch, sold separately. 3D printed to order in your choice of colour. Designed by h3li0."
